request_id,amount_safe_to_pay,affordability_status,recommended_payment_method,payment_plan,earliest_date_for_full_payment,spending_changes_needed,decision_explanation
request_26,15656000.0,affordable_now,full_payment,2025-08-03:15656000,2025-08-03,none,"Pay IDR 15,656,000 today. This leaves at least IDR 24,768,300 available over the next 90 days."
request_27,6670.0,affordable_now,full_payment,2026-07-05:6670,2026-07-05,none,"Pay ZAR 6,670 today. This leaves at least ZAR 20,500 available over the next 90 days."
request_28,1302.4,affordable_now,full_payment,2024-06-07:1302.40,2024-06-07,none,"Pay EUR 1,302.40 today. This leaves at least EUR 1,100 available over the next 90 days."
request_29,14354.16,not_affordable,not_recommended,none,,none,"Do not proceed with the ZAR 51,524 request. Only ZAR 14,354.16 is available today, and the full amount cannot be completed safely within 90 days."
request_30,775.2,affordable_with_plan,installments,2026-04-06:268.74|2026-05-06:268.74|2026-06-05:268.74,2026-04-06,none,"Use 3 installments of USD 268.74, starting 6 April 2026. This leaves at least USD 900 available over the next 90 days."
request_31,3305641.42,affordable_later,wait,2024-10-15:18164000,2024-10-15,none,"Wait until 15 October 2024, then pay IDR 18,164,000 in full. Paying earlier would drop the balance below the IDR 16,588,900 minimum."
request_32,12772.36,not_affordable,not_recommended,none,,none,"Do not proceed with the ZAR 40,018 request. Only ZAR 12,772.36 is available today, and the full amount cannot be completed safely within 90 days."
request_33,38408.75,not_affordable,not_recommended,none,,none,"Not recommended: INR 38,408.75 is available today, but the full INR 118,000 cannot be completed safely within 90 days."
request_34,129400.0,affordable_now,full_payment,2024-12-04:129400,2024-12-04,none,"Pay INR 129,400 today. This leaves at least INR 138,500 available over the next 90 days."
request_35,54958.38,affordable_later,wait,2026-01-15:212000,2026-01-15,none,"Wait until 15 January 2026, then pay INR 212,000 in full. Paying earlier would drop the balance below the INR 106,400 minimum."
request_36,625.05,affordable_later,wait,2026-09-15:3954,2026-09-15,none,"Wait until 15 September 2026, then pay USD 3,954 in full. Paying earlier would drop the balance below the USD 2,400 minimum."
request_37,14649000.0,affordable_now,full_payment,2024-03-05:14649000,2024-03-05,none,"Pay IDR 14,649,000 today. This leaves at least IDR 17,056,200 available over the next 90 days."
request_38,185.15,affordable_later,wait,2025-10-15:971.30,2025-10-15,none,"Wait until 15 October 2025, then pay EUR 971.30 in full. Paying earlier would drop the balance below the EUR 400 minimum."
request_39,57959.4,affordable_later,wait,2026-06-15:208600,2026-06-15,none,"Wait until 15 June 2026, then pay INR 208,600 in full. Paying earlier would drop the balance below the INR 213,400 minimum."
request_40,384.66,affordable_later,wait,2024-08-15:1290.30,2024-08-15,none,"Wait until 15 August 2024, then pay EUR 1,290.30 in full. Paying earlier would drop the balance below the EUR 1,500 minimum."
request_41,9380338.25,affordable_later,wait,2026-01-15:38760000,2026-01-15,none,"Wait until 15 January 2026, then pay IDR 38,760,000 in full."
request_42,52100.0,affordable_now,full_payment,2026-01-05:52100,2026-01-05,none,"Pay INR 52,100 today. This leaves at least INR 113,100 available over the next 90 days."
request_43,8462723.3,affordable_later,wait,2024-11-15:43339000,2024-11-15,none,"Wait until 15 November 2024, then pay IDR 43,339,000 in full. Paying earlier would drop the balance below the IDR 21,398,000 minimum."
request_44,28252.13,not_affordable,not_recommended,none,,none,"Do not proceed with the INR 95,800 request. Only INR 28,252.13 is available today, and the full amount cannot be completed safely within 90 days."
request_45,4085832.16,affordable_later,wait,2026-09-15:21983000,2026-09-15,none,"Wait until 15 September 2026, then pay IDR 21,983,000 in full."
request_46,38040.41,affordable_with_plan,partial_payment,2024-12-03:38040.41|2024-12-15:11409.59,2024-12-15,none,"Use 2 installments starting 3 December 2024: INR 38,040.41 today and INR 11,409.59 on 15 December 2024. This completes the full request while keeping the INR 84,000 minimum protected."
request_47,28201490.3,not_affordable,not_recommended,none,,none,"Do not proceed with the IDR 38,114,000 request. Although IDR 28,201,490 is available today, the full amount cannot be completed safely within 90 days."
request_48,45700.0,affordable_now,full_payment,2026-07-25:45700,2026-07-25,none,"Pay INR 45,700 today. This leaves at least INR 71,300 available over the next 90 days."
request_49,34283248.24,affordable_with_plan,installments,2024-03-18:11902106.67|2024-04-18:11902106.67|2024-05-19:11902106.67,2024-04-04,none,"Use 3 installments of IDR 11,902,106.67, starting 18 March 2024. This leaves at least IDR 20,275,700 available over the next 90 days."
request_50,43900.0,affordable_now,full_payment,2025-08-06:43900,2025-08-06,none,"Pay INR 43,900 today. This leaves at least INR 99,700 available over the next 90 days."
request_51,2191000.0,affordable_now,full_payment,2026-01-03:2191000,2026-01-03,none,"Pay IDR 2,191,000 today. This leaves at least IDR 7,811,000 available over the next 90 days."
request_52,17748.64,affordable_later,wait,2024-06-15:28870,2024-06-15,none,"Wait until 15 June 2024, then pay INR 28,870 in full. Paying earlier would drop the balance below the INR 41,500 minimum."
request_53,497.61,not_affordable,not_recommended,none,2026-01-15,none,"This purchase is not recommended: USD 1,699.20 cannot be paid in full within 90 days, since only USD 497.61 is available today."
request_54,2779.09,not_affordable,not_recommended,none,,none,"Not recommended: ZAR 121,528 cannot be completed safely within 90 days, even though ZAR 2,779.09 is available today."
request_55,125572.84,affordable_with_plan,installments,2026-06-11:75781.33|2026-07-12:75781.33|2026-08-12:75781.33,2026-07-15,none,"Use 3 installments of INR 75,781.33, starting 11 June 2026. This keeps at least INR 124,300 available throughout the plan."
request_56,588.7,affordable_with_plan,installments,2025-02-03:458.42|2025-03-03:458.42,2025-02-15,none,"Use 2 installments of USD 458.42, starting 3 February 2025. This leaves at least USD 2,100 available over the next 90 days."
request_57,12709.45,affordable_later,wait,2026-06-15:61446,2026-06-15,none,"Wait until 15 June 2026, then pay ZAR 61,446 in full. Paying earlier would drop the balance below the ZAR 42,700 minimum."
request_58,16226000.0,affordable_now,full_payment,2024-12-07:16226000,2024-12-07,none,"Pay IDR 16,226,000 today. This leaves at least IDR 14,433,900 available over the next 90 days."
request_59,140600.0,affordable_with_plan,installments,2025-05-07:48741.33|2025-06-04:48741.33|2025-07-02:48741.33,2025-05-04,none,"Use 3 installments of INR 48,741.33, starting 7 May 2025. This leaves at least INR 132,600 available over the next 90 days."
request_60,149.59,affordable_later,wait,2026-01-15:199.89,2026-01-15,none,"Wait until 15 January 2026, then pay USD 199.89 in full. Paying earlier would drop the balance below the USD 400 minimum."
request_61,29062.0,affordable_with_plan,installments,2024-03-17:10074.83|2024-04-17:10074.83|2024-05-18:10074.83,2024-03-03,none,"Use 3 installments of ZAR 10,074.83, starting 17 March 2024. This leaves at least ZAR 36,700 available over the next 90 days."
request_62,404.23,affordable_now,full_payment,2025-08-05:404.23,2025-08-05,none,"Pay USD 404.23 today. This leaves at least USD 1,300 available over the next 90 days."
request_63,48442.93,not_affordable,not_recommended,none,,none,"Do not proceed with the INR 343,900 request. Only INR 48,442.93 is available today, and the full amount cannot be completed safely within 90 days."
request_64,0.0,not_affordable,not_recommended,none,,none,"Do not make this payment by 16 August 2024. The full INR 63,700 cannot be paid without dropping below the INR 36,100 minimum balance."
request_65,6342.81,not_affordable,not_recommended,none,,none,"Do not proceed with the ZAR 54,340 request. Although ZAR 6,342.81 is available today, the full amount cannot be completed safely within 90 days."
request_66,22200.0,affordable_now,full_payment,2026-04-03:22200,2026-04-03,none,"Pay INR 22,200 today. This leaves at least INR 80,700 available over the next 90 days."
request_67,387.47,affordable_later,wait,2024-10-15:2094,2024-10-15,none,"Pay USD 2,094 in full on 15 October 2024. Paying earlier would take the balance below the USD 1,200 minimum."
request_68,1330.39,affordable_with_plan,installments,2025-02-14:725.09|2025-03-14:725.09|2025-04-11:725.09,2025-03-23,none,"Use 3 installments of USD 725.09, starting 14 February 2025, with the final payment on 11 April 2025. This keeps at least USD 1,500 available throughout."
request_69,529.1,affordable_now,full_payment,2026-01-04:529.10,2026-01-04,none,Pay EUR 529.10 today. This leaves at least EUR 700 available over the next 90 days.
request_70,48921.24,affordable_later,wait,2025-02-15:243900,2025-02-15,none,"Wait until 15 February 2025, then pay INR 243,900 in full. Paying earlier would drop the balance below the INR 115,000 minimum."
request_71,656848.58,not_affordable,not_recommended,none,,none,"Not recommended: the IDR 21,451,000 request cannot be completed safely within 90 days. Only IDR 656,848.58 is available today, so do not proceed."
request_72,11330.0,affordable_now,full_payment,2026-07-05:11330,2026-07-05,none,"Pay ZAR 11,330 today. This leaves at least ZAR 12,200 available over the next 90 days."
request_73,71400.0,affordable_now,full_payment,2023-01-20:71400,2023-01-20,none,"Pay INR 71,400 today. This leaves at least INR 103,200 available over the next 90 days."
request_74,5010.0,affordable_now,full_payment,2025-08-04:5010,2025-08-04,none,"Pay ZAR 5,010 today. This leaves at least ZAR 21,900 available over the next 90 days."
request_75,25367.16,not_affordable,not_recommended,none,,none,"Not recommended: ZAR 25,367.16 is available today, but the full ZAR 28,270 cannot be completed safely within 90 days."
request_76,3181.48,not_affordable,not_recommended,none,2024-08-03,none,"Do not proceed with the USD 4,455.60 request. Only USD 3,181.48 is available today, and the full amount cannot be completed safely within 90 days."
request_77,60700.0,affordable_now,full_payment,2025-11-05:60700,2025-11-05,none,"Pay INR 60,700 today. This leaves at least INR 82,200 available over the next 90 days."
request_78,47550.16,affordable_with_plan,full_payment,2025-10-02:50200,2025-10-15,stop:event_7224,"Adjust flexible spending (stop:event_7224), then pay INR 50,200 today. This leaves at least INR 55,200 available over the next 90 days."
request_79,293.22,not_affordable,not_recommended,none,,none,"Do not proceed with the EUR 2,151.60 request. Only EUR 293.22 is available today, and the full amount cannot be completed safely within 90 days."
request_80,208522.27,not_affordable,not_recommended,none,2025-03-06,none,"Do not proceed with the INR 217,500 request. Although INR 208,522.27 is available today, the full amount cannot be completed safely within 90 days."
request_81,2076.0,affordable_now,full_payment,2026-07-03:2076,2026-07-03,none,"Pay USD 2,076 today. This leaves at least USD 1,600 available over the next 90 days."
request_82,1405.2,affordable_now,full_payment,2024-12-05:1405.20,2024-12-05,none,"Pay USD 1,405.20 today. This leaves at least USD 1,100 available over the next 90 days."
request_83,5759.95,not_affordable,not_recommended,none,,none,"Do not proceed with the INR 156,200 request. Only INR 5,759.95 is available today, and the full amount cannot be paid within 90 days."
request_84,27563.89,affordable_later,wait,2026-06-15:95400,2026-06-15,none,"Pay INR 95,400 in full on 15 June 2026. Paying earlier would take the balance below the INR 91,300 minimum."
request_85,6887698.39,not_affordable,not_recommended,none,,none,"Do not proceed with the IDR 19,304,000 request. Although IDR 6,887,698 is available today, the full amount cannot be completed safely within 90 days."
request_86,46300.0,affordable_now,full_payment,2025-08-03:46300,2025-08-03,none,"Pay INR 46,300 today. This leaves at least INR 84,900 available over the next 90 days."
request_87,23840.37,not_affordable,not_recommended,none,,none,"Do not proceed with the INR 487,900 request. Only INR 23,840.37 is available today, and the full amount cannot be completed safely within 90 days."
request_88,10292.62,affordable_with_plan,installments,2024-06-14:9045.23|2024-07-15:9045.23|2024-08-15:9045.23,2024-07-15,none,"Use 3 installments of ZAR 9,045.23, starting 14 June 2024. This leaves at least ZAR 25,800 available."
request_89,9419301.26,not_affordable,not_recommended,none,2026-01-15,none,"Not recommended: IDR 9,419,301.26 is available today, but the full IDR 13,756,000 cannot be completed safely within 90 days."
request_90,2560.0,affordable_now,full_payment,2026-07-06:2560,2026-07-06,none,"Pay ZAR 2,560 today. This leaves at least ZAR 7,600 available over the next 90 days."
request_91,471.43,affordable_later,wait,2024-11-15:1927.20,2024-11-15,none,"Pay EUR 1,927.20 in full on 15 November 2024. Paying earlier would take the balance below the EUR 2,100 minimum."
request_92,34034.0,affordable_now,full_payment,2025-02-05:34034,2025-02-05,none,"Pay ZAR 34,034 today. This leaves at least ZAR 28,100 available over the next 90 days."
request_93,1729.2,affordable_now,full_payment,2026-04-07:1729.20,2026-04-07,none,"Pay USD 1,729.20 today. This leaves at least USD 1,900 available over the next 90 days."
request_94,572.0,affordable_now,full_payment,2024-12-04:572,2024-12-04,none,Pay EUR 572 today. This leaves at least EUR 600 available over the next 90 days.
request_95,15772.43,not_affordable,not_recommended,none,,none,"Do not proceed with the INR 553,000 request. Only INR 15,772.43 is available today, and the full amount cannot be completed safely within 90 days."
request_96,73501.44,not_affordable,not_recommended,none,2026-03-15,none,"Do not proceed with the INR 90,200 request. Only INR 73,501.44 is available today, and the full amount cannot be completed safely within 90 days."
request_97,1036.69,affordable_with_plan,installments,2024-03-19:8145.28|2024-04-19:8145.28|2024-05-20:8145.28,2024-05-15,none,"Use 3 installments of ZAR 8,145.28, starting 19 March 2024. This keeps at least ZAR 29,700 available."
request_98,8359.45,affordable_later,wait,2025-10-15:27148,2025-10-15,none,"Pay ZAR 27,148 in full on 15 October 2025. Paying earlier would take the balance below the ZAR 30,000 minimum."
request_99,18062.0,affordable_now,full_payment,2026-07-04:18062,2026-07-04,none,"Pay ZAR 18,062 today. This leaves at least ZAR 49,100 available over the next 90 days."
request_100,26615.07,affordable_with_plan,installments,2024-06-13:12866.19|2024-07-14:12866.19|2024-08-14:12866.19,2024-07-15,none,"Use 3 installments of ZAR 12,866.19, starting 13 June 2024. This keeps at least ZAR 32,500 available throughout."
request_101,143500.0,affordable_now,full_payment,2025-11-03:143500,2025-11-03,none,"Pay INR 143,500 today. This leaves at least INR 187,400 available over the next 90 days."
request_102,1716.0,affordable_with_plan,installments,2026-04-05:594.88|2026-05-05:594.88|2026-06-04:594.88,2026-04-05,none,"Use 3 installments of EUR 594.88, starting 5 April 2026."
request_103,8728.28,not_affordable,not_recommended,none,,none,"Do not proceed with the INR 368,300 request. Only INR 8,728.28 is available today, and the full amount cannot be completed safely within 90 days."
request_104,17204.0,affordable_now,full_payment,2025-02-04:17204,2025-02-04,none,"Pay ZAR 17,204 today. This leaves at least ZAR 24,700 available over the next 90 days."
request_105,53500.0,affordable_now,full_payment,2026-06-08:53500,2026-06-08,none,"Pay INR 53,500 today. This leaves at least INR 73,900 available over the next 90 days."
request_106,405.48,affordable_later,wait,2025-02-15:2207.70,2025-02-15,none,"Pay EUR 2,207.70 in full on 15 February 2025. Paying earlier would take the balance below the EUR 1,200 minimum."
request_107,2534.4,affordable_with_plan,installments,2025-05-08:878.59|2025-06-05:878.59|2025-07-03:878.59,2025-05-05,none,"Use 3 installments of EUR 878.59, starting 8 May 2025. This leaves at least EUR 1,600 available over the next 90 days."
request_108,30582.9,not_affordable,not_recommended,none,2026-09-07,none,"Not recommended: ZAR 30,582.90 is available today, but the full ZAR 55,308 cannot be completed safely within 90 days."
request_109,669.47,affordable_with_plan,installments,2024-03-18:645.98|2024-04-18:645.98|2024-05-19:645.98,2024-05-15,none,"Use 3 installments of EUR 645.98, starting 18 March 2024."
request_110,22352.0,affordable_with_plan,installments,2025-08-06:7748.69|2025-09-03:7748.69|2025-10-01:7748.69,2025-08-06,none,"Use 3 installments of ZAR 7,748.69, starting 6 August 2025. This leaves at least ZAR 11,200 available over the next 90 days."
request_111,16625000.0,affordable_now,full_payment,2026-04-03:16625000,2026-04-03,none,"Pay IDR 16,625,000 today. This leaves at least IDR 23,022,800 available over the next 90 days."
request_112,271.7,affordable_now,full_payment,2024-06-05:271.70,2024-06-05,none,Pay EUR 271.70 today. This leaves at least EUR 500 available over the next 90 days.
request_113,27367.51,affordable_later,wait,2026-09-15:36500,2026-09-15,none,"Pay INR 36,500 in full on 15 September 2026. Paying earlier would take the balance below the INR 82,300 minimum."
request_114,65300.0,affordable_now,full_payment,2026-01-04:65300,2026-01-04,none,"Pay INR 65,300 today. This leaves at least INR 113,400 available over the next 90 days."
request_115,13924.39,affordable_later,wait,2024-11-15:80500,2024-11-15,none,"Pay INR 80,500 in full on 15 November 2024. Paying earlier would take the balance below the INR 38,800 minimum."
request_116,8700.41,not_affordable,not_recommended,none,,none,"Do not proceed with the INR 241,200 request. Only INR 8,700.41 is available today, and the full amount cannot be completed safely within 90 days."
request_117,880.0,affordable_now,full_payment,2026-07-05:880,2026-07-05,none,"Pay EUR 880 today. This leaves at least EUR 1,000 available over the next 90 days."
request_118,738.1,affordable_with_plan,installments,2024-12-07:255.87|2025-01-07:255.87|2025-02-07:255.87,2024-12-07,none,"Use 3 installments of EUR 255.87, starting 7 December 2024. This leaves at least EUR 600 available."
request_119,57227.63,not_affordable,not_recommended,none,2025-06-15,none,"Do not proceed with the INR 203,500 request. Only INR 57,227.63 is available today, and the full amount cannot be completed safely within 90 days."
request_120,7714000.0,affordable_now,full_payment,2026-04-06:7714000,2026-04-06,none,"Pay IDR 7,714,000 today. This leaves at least IDR 20,050,300 available over the next 90 days."
request_121,633.6,affordable_now,full_payment,2024-03-03:633.60,2024-03-03,none,Pay USD 633.60 today. This leaves at least USD 800 available over the next 90 days.
request_122,20558000.0,affordable_with_plan,installments,2025-08-05:7126773.33|2025-09-02:7126773.33|2025-09-30:7126773.33,2025-08-05,none,"Use 3 installments of IDR 7,126,773.33, starting 5 August 2025. This keeps at least IDR 12,588,500 available over the next 90 days."
request_123,4076000.0,affordable_now,full_payment,2026-01-07:4076000,2026-01-07,none,"Pay IDR 4,076,000 today. This leaves at least IDR 18,091,200 available over the next 90 days."
request_124,1332.72,not_affordable,not_recommended,none,2024-08-15,none,"Do not proceed with the EUR 3,104.20 request. Only EUR 1,332.72 is available today, and the full amount cannot be completed safely within 90 days."
request_125,6468.0,affordable_now,full_payment,2025-11-06:6468,2025-11-06,none,"Pay ZAR 6,468 today. This leaves at least ZAR 11,300 available over the next 90 days."
request_126,159600.0,affordable_now,full_payment,2026-07-03:159600,2026-07-03,none,"Pay INR 159,600 today. This leaves at least INR 129,700 available over the next 90 days."
request_127,11842.66,affordable_later,wait,2024-10-15:23980,2024-10-15,none,"Pay ZAR 23,980 in full on 15 October 2024. Paying earlier would take the balance below the ZAR 41,000 minimum."
request_128,25168.0,affordable_now,full_payment,2025-02-07:25168,2025-02-07,none,"Pay ZAR 25,168 today. This leaves at least ZAR 42,600 available over the next 90 days."
request_129,97.16,not_affordable,not_recommended,none,,none,"Do not proceed with the USD 2,668.80 request. Only USD 97.16 is available today, and the full amount cannot be completed safely within 90 days."
request_130,447.51,affordable_later,wait,2025-01-15:1978.80,2025-01-15,none,"Pay USD 1,978.80 in full on 15 January 2025. Paying earlier would take the balance below the USD 1,400 minimum."
request_131,1170.97,affordable_with_plan,installments,2025-05-06:643.14|2025-06-03:643.14|2025-07-01:643.14,2025-06-23,none,"Use 3 installments of USD 643.14, starting 6 May 2025. This leaves at least USD 1,100 available over the next 90 days."
request_132,325.03,affordable_later,wait,2026-01-15:379.86,2026-01-15,none,"Pay USD 379.86 in full on 15 January 2026. Paying earlier would take the balance below the USD 1,100 minimum."
request_133,99440.98,not_affordable,not_recommended,none,,none,"Not recommended: the IDR 15,770,000 request cannot be completed safely within 90 days. Only IDR 99,440.98 is available today, so do not proceed."
request_134,4846316.6,affordable_later,wait,2025-10-15:21831000,2025-10-15,none,"Pay IDR 21,831,000 in full on 15 October 2025. Paying earlier would take the balance below the IDR 15,902,500 minimum."
request_135,304.8,affordable_now,full_payment,2026-07-06:304.80,2026-07-06,none,Pay USD 304.80 today. This leaves at least USD 500 available over the next 90 days.
request_136,560.4,affordable_now,full_payment,2024-06-03:560.40,2024-06-03,none,"Pay USD 560.40 today. This leaves at least USD 1,100 available over the next 90 days."
request_137,28564.23,affordable_later,wait,2026-01-15:80100,2026-01-15,none,"Pay INR 80,100 in full on 15 January 2026. Paying earlier would take the balance below the INR 71,800 minimum."
request_138,799.77,affordable_with_plan,partial_payment,2026-04-07:799.77|2026-04-15:457.17,2026-04-15,none,"Pay EUR 799.77 today and the remaining EUR 457.17 on 15 April 2026. This completes the full request and keeps the EUR 2,300 minimum protected."
request_139,1330.69,not_affordable,not_recommended,none,2024-10-15,none,"Not recommended: the full USD 2,316 cannot be completed within 90 days, even though USD 1,330.69 is available today."
request_140,1564.64,not_affordable,not_recommended,none,,none,"Do not proceed with the ZAR 62,832 request. Only ZAR 1,564.64 is available today, and the full amount cannot be completed safely within 90 days."
request_141,23760.19,not_affordable,not_recommended,none,,none,"Do not proceed with the INR 171,600 request. Although INR 23,760.19 is available today, the full amount cannot be completed safely within 90 days."
request_142,1263.6,affordable_now,full_payment,2024-12-05:1263.60,2024-12-05,none,"Pay USD 1,263.60 today. This leaves at least USD 1,700 available over the next 90 days."
request_143,3505.31,affordable_later,wait,2025-07-15:12584,2025-07-15,none,"Pay ZAR 12,584 in full on 15 July 2025. Paying earlier would take the balance below the ZAR 11,300 minimum."
request_144,233.24,affordable_later,wait,2026-07-15:233.34,2026-07-15,none,Pay USD 233.34 in full on 15 July 2026. Paying earlier would take the balance below the USD 600 minimum.
request_145,217400.0,affordable_with_plan,installments,2024-03-20:75365.33|2024-04-20:75365.33|2024-05-21:75365.33,2024-03-06,none,"Use 3 installments of INR 75,365.33, starting 20 March 2024. This leaves at least INR 155,400 available over the next 90 days."
request_146,10836.09,not_affordable,not_recommended,none,,none,"Do not proceed with the INR 449,400 request. Only INR 10,836.09 is available today, and the full amount cannot be completed safely within 90 days."
request_147,490.15,affordable_with_plan,installments,2026-04-08:391.63|2026-05-08:391.63|2026-06-07:391.63,2026-05-15,none,"Use 3 installments of EUR 391.63, starting 8 April 2026. This leaves at least EUR 900 available."
request_148,8552.47,affordable_with_plan,installments,2024-06-14:7710.56|2024-07-15:7710.56|2024-08-15:7710.56,2024-07-15,none,"Use 3 installments of ZAR 7,710.56"
request_149,23848.95,affordable_with_plan,installments,2025-11-18:12706.03|2025-12-16:12706.03|2026-01-13:12706.03,2025-12-15,none,"Use 3 installments of ZAR 12,706.03, starting 18 November 2025. This keeps your balance at or above ZAR 42,100 throughout."
request_150,318.14,not_affordable,not_recommended,none,,none,"Do not proceed with the EUR 496.10 request. Even though EUR 318.14 is available today, the full amount cannot be completed safely within 90 days."
request_151,26999000.0,affordable_now,full_payment,2024-09-03:26999000,2024-09-03,none,"Pay IDR 26,999,000 today. This leaves at least IDR 31,633,600 available over the next 90 days."
request_152,10936.65,not_affordable,not_recommended,none,2025-04-15,none,"Not recommended: ZAR 13,882 cannot be completed safely within 90 days, so do not proceed with the request."
request_153,186.64,not_affordable,not_recommended,none,,none,"Do not proceed with the USD 2,830.80 request. Only USD 186.64 is available today, and the full amount cannot be completed safely within 90 days."
request_154,1625.8,affordable_with_plan,installments,2024-12-04:563.61|2025-01-04:563.61|2025-02-04:563.61,2024-12-04,none,"Use 3 installments of EUR 563.61, starting 4 December 2024. This leaves at least EUR 1,300 available over the next 90 days."
request_155,112500.0,affordable_now,full_payment,2025-05-06:112500,2025-05-06,none,"Pay INR 112,500 today. This leaves at least INR 56,300 available over the next 90 days."
request_156,7959.58,affordable_later,wait,2026-06-15:43076,2026-06-15,none,"Pay ZAR 43,076 in full on 15 June 2026. Paying earlier would take the balance below the ZAR 26,900 minimum."
request_157,22234391.73,affordable_later,wait,2024-04-05:23503000,2024-04-05,none,"Pay IDR 23,503,000 in full on 5 April 2024. Paying earlier would take the balance below the IDR 15,714,100 minimum."
request_158,242600.0,affordable_with_plan,installments,2025-08-07:84101.33|2025-09-04:84101.33|2025-10-02:84101.33,2025-08-07,none,"Use 3 installments of INR 84,101.33, starting 7 August 2025."
request_159,3603.88,not_affordable,not_recommended,none,,none,"Do not proceed with the ZAR 13,398 request. Only ZAR 3,603.88 is available today, and the full amount cannot be completed within 90 days."
request_160,555.84,affordable_with_plan,installments,2024-06-13:432.05|2024-07-14:432.05|2024-08-14:432.05,2024-07-15,none,"Use 3 installments of EUR 432.05, starting 13 June 2024. This leaves at least EUR 1,200 available."
request_161,6031908.95,affordable_later,wait,2026-01-15:21204000,2026-01-15,none,"Pay IDR 21,204,000 in full on 15 January 2026. Paying earlier would take the balance below the IDR 23,010,400 minimum."
request_162,2241115.85,not_affordable,not_recommended,none,,none,"Do not proceed with the IDR 83,923,000 request. Only IDR 2,241,115.85 is available today, and the full amount cannot be completed safely within 90 days."
request_163,19304000.0,affordable_with_plan,installments,2024-09-10:6692053.33|2024-10-11:6692053.33|2024-11-11:6692053.33,2024-09-07,none,"Use 3 installments of IDR 6,692,053.33, starting 10 September 2024. This leaves at least IDR 26,728,700 available."
request_164,27018000.0,affordable_with_plan,installments,2025-02-11:9366240|2025-03-11:9366240|2025-04-08:9366240,2025-02-04,none,"Use 3 installments of IDR 9,366,240, starting 11 February 2025. This leaves at least IDR 29,550,500 available over the next 90 days."
request_165,80600.0,affordable_now,full_payment,2026-04-06:80600,2026-04-06,none,"Pay INR 80,600 today. This leaves at least INR 95,000 available over the next 90 days."
request_166,2907.6,affordable_with_plan,installments,2024-12-03:1007.97|2025-01-03:1007.97|2025-02-03:1007.97,2024-12-03,none,"Use 3 installments of USD 1,007.97, starting 3 December 2024. This leaves at least USD 1,700 available over the next 90 days."
request_167,43802.0,affordable_now,full_payment,2025-05-05:43802,2025-05-05,none,"Pay ZAR 43,802 today. This leaves at least ZAR 31,200 available over the next 90 days."
request_168,39686.32,not_affordable,not_recommended,none,2026-01-15,none,"Do not proceed with the INR 49,380 request. Only INR 39,686.32 is available today, and the full amount cannot be completed safely within 90 days."
request_169,41976.0,affordable_now,full_payment,2024-03-04:41976,2024-03-04,none,"Pay ZAR 41,976 today. This leaves at least ZAR 18,700 available over the next 90 days."
request_170,31600701.52,affordable_with_plan,installments,2025-08-06:12804480|2025-09-03:12804480|2025-10-01:12804480,2025-08-15,none,"Use 3 installments of IDR 12,804,480, starting 6 August 2025. This leaves at least IDR 24,715,800 available."
request_171,48.01,not_affordable,not_recommended,none,,none,"Do not proceed with the EUR 1,878.80 request. Only EUR 48.01 is available today, and the full amount cannot be completed safely within 90 days."
request_172,9523.9,affordable_with_plan,partial_payment,2024-06-05:9523.90|2024-06-15:676.10,2024-06-15,none,"Pay ZAR 9,523.90 today and the remaining ZAR 676.10 on 15 June 2024. This completes the full request while keeping the ZAR 27,200 minimum protected."
request_173,62874.01,affordable_with_plan,installments,2025-11-21:39173.33|2025-12-19:39173.33|2026-01-16:39173.33,2026-01-15,none,"Use 3 installments of INR 39,173.33, starting 21 November 2025. This keeps at least INR 79,100 available throughout the plan."
request_174,1146.2,affordable_with_plan,installments,2026-04-04:397.35|2026-05-04:397.35|2026-06-03:397.35,2026-04-04,none,"Use 3 installments of EUR 397.35, starting 4 April 2026. This leaves at least EUR 700 available over the next 90 days."
request_175,2346.3,affordable_now,full_payment,2024-09-06:2346.30,2024-09-06,none,"Pay EUR 2,346.30 today. This leaves at least EUR 1,700 available over the next 90 days."
request_176,974.34,not_affordable,not_recommended,none,2025-05-03,none,"Do not proceed with the EUR 1,239.70 request. The full amount cannot be completed safely within 90 days."
request_177,1017.6,affordable_now,full_payment,2026-01-05:1017.60,2026-01-05,none,"Pay USD 1,017.60 today. This leaves at least USD 1,300 available over the next 90 days."
request_178,2938.1,affordable_with_plan,installments,2024-12-07:1018.54|2025-01-07:1018.54|2025-02-07:1018.54,2024-12-07,none,"Use 3 installments of EUR 1,018.54, starting 7 December 2024. This leaves at least EUR 1,400 available."
request_179,9016116.54,affordable_later,wait,2025-07-15:41648000,2025-07-15,none,"Pay IDR 41,648,000 in full on 15 July 2025. Paying earlier would take the balance below the IDR 41,430,800 minimum."
request_180,66500.0,affordable_now,full_payment,2026-07-06:66500,2026-07-06,none,"Pay INR 66,500 today. This leaves at least INR 37,300 available over the next 90 days."
request_181,343.34,not_affordable,not_recommended,none,,none,"Not recommended: the full USD 5,059.20 cannot be completed within 90 days, even though USD 343.34 is available today."
request_182,65714.0,affordable_now,full_payment,2025-08-05:65714,2025-08-05,none,"Pay ZAR 65,714 today. This leaves at least ZAR 31,100 available over the next 90 days."
request_183,24064752.83,affordable_with_plan,installments,2026-04-10:9313546.67|2026-05-10:9313546.67|2026-06-09:9313546.67,2026-05-15,none,"Use 3 installments of IDR 9,313,546.67, starting 10 April 2026. This leaves at least IDR 11,878,300 available."
request_184,9999.41,not_affordable,not_recommended,none,,none,"Not recommended: the full INR 251,900 cannot be completed safely within 90 days. Only INR 9,999.41 is available today, which is far short of the request."
request_185,378.37,affordable_later,wait,2026-01-15:1257.30,2026-01-15,none,"Pay EUR 1,257.30 in full on 15 January 2026. Paying earlier would take the balance below the EUR 1,300 minimum."
request_186,6011.55,not_affordable,not_recommended,none,,none,"Do not proceed with the ZAR 26,554 request. Only ZAR 6,011.55 is available today, and the full amount cannot be completed safely within 90 days."
request_187,34975.91,affordable_later,wait,2024-11-15:187500,2024-11-15,none,"Pay INR 187,500 in full on 15 November 2024. Paying earlier would take the balance below the INR 128,300 minimum."
request_188,119.76,not_affordable,not_recommended,none,,none,"Do not proceed with the EUR 2,464 request. Only EUR 119.76 is available today, and the full amount cannot be completed safely within 90 days."
request_189,488.4,affordable_now,full_payment,2026-07-04:488.40,2026-07-04,none,Pay EUR 488.40 today. This leaves at least EUR 400 available over the next 90 days.
request_190,633.82,not_affordable,not_recommended,none,,none,"Do not proceed with the EUR 2,557.50 request. Only EUR 633.82 is available today, and the full amount cannot be completed safely within 90 days."
request_191,664.4,affordable_now,full_payment,2025-05-03:664.40,2025-05-03,none,Pay EUR 664.40 today. This leaves at least EUR 500 available over the next 90 days.
request_192,78.15,not_affordable,not_recommended,none,,none,"Not recommended: the full USD 2,046 cannot be completed safely within 90 days, even though USD 78.15 is available today."
request_193,95.69,affordable_with_plan,installments,2024-03-21:420.23|2024-04-21:420.23|2024-05-22:420.23,2024-04-15,none,"Use 3 installments of EUR 420.23, starting 21 March 2024. This leaves at least EUR 1,000 available over the next 90 days."
request_194,32924.94,affordable_later,wait,2025-10-23:132800,2025-10-23,none,"Pay INR 132,800 in full on 23 October 2025. Paying earlier would take the balance below the INR 113,600 minimum."
request_195,1036.06,affordable_with_plan,installments,2026-01-09:405.74|2026-02-08:405.74|2026-03-10:405.74,2026-01-15,none,"Use 3 installments of EUR 405.74, starting 15 January 2026. This leaves at least EUR 700 available."
request_196,762.3,affordable_now,full_payment,2024-06-03:762.30,2024-06-03,none,Pay EUR 762.30 today. This leaves at least EUR 500 available over the next 90 days.
request_197,50939000.0,affordable_with_plan,installments,2025-11-19:17658853.33|2025-12-17:17658853.33|2026-01-14:17658853.33,2025-11-05,none,"Use 3 installments of IDR 17,658,853.33, starting 19 November 2025. This leaves at least IDR 26,245,900 available over the next 90 days."
request_198,185800.0,affordable_now,full_payment,2026-07-07:185800,2026-07-07,none,"Pay INR 185,800 today. This leaves at least INR 124,300 available over the next 90 days."
request_199,23674000.0,affordable_with_plan,installments,2024-09-07:8206986.67|2024-10-08:8206986.67|2024-11-08:8206986.67,2024-09-04,none,"Use 3 installments of IDR 8,206,986.67, starting 7 September 2024. This leaves at least IDR 25,359,500 available over the next 90 days."
request_200,21717000.0,affordable_now,full_payment,2025-02-06:21717000,2025-02-06,none,"Pay IDR 21,717,000 today. This leaves at least IDR 20,114,600 available over the next 90 days."
request_201,23997000.0,affordable_now,full_payment,2026-04-03:23997000,2026-04-03,none,"Pay IDR 23,997,000 today. This leaves at least IDR 17,304,500 available over the next 90 days."
request_202,123900.0,affordable_now,full_payment,2024-12-05:123900,2024-12-05,none,"Pay INR 123,900 today. This leaves at least INR 147,800 available over the next 90 days."
request_203,1442.1,affordable_with_plan,installments,2025-05-10:499.93|2025-06-07:499.93|2025-07-05:499.93,2025-05-07,none,"Use 3 installments of EUR 499.93, starting 10 May 2025. This leaves at least EUR 1,400 available over the next 90 days."
request_204,549.52,affordable_later,wait,2026-01-15:588.74,2026-01-15,none,"Pay EUR 588.74 in full on 15 January 2026. Paying earlier would take the balance below the EUR 1,300 minimum."
request_205,10621000.0,affordable_now,full_payment,2024-03-06:10621000,2024-03-06,none,"Pay IDR 10,621,000 today. This leaves at least IDR 13,994,300 available over the next 90 days."
request_206,1404.7,affordable_with_plan,installments,2025-08-03:486.96|2025-08-31:486.96|2025-09-28:486.96,2025-08-03,none,"Use 3 installments of EUR 486.96, starting 3 August 2025. This leaves at least EUR 900 available over the next 90 days."
request_207,4920.71,affordable_later,wait,2026-07-15:11830,2026-07-15,none,"Pay ZAR 11,830 in full on 15 July 2026. Paying earlier would take the balance below the ZAR 13,600 minimum."
request_208,3872945.61,affordable_later,wait,2024-06-15:4413000,2024-06-15,none,"Pay IDR 4,413,000 in full on 15 June 2024. Paying earlier would take the balance below the IDR 10,470,700 minimum."
request_209,1826.77,not_affordable,not_recommended,none,,none,"Do not proceed with the ZAR 56,914 request. Only ZAR 1,826.77 is available today, and the full amount cannot be completed safely within 90 days."
request_210,881.83,affordable_with_plan,partial_payment,2026-04-06:881.83|2026-04-15:478.19,2026-04-15,none,"Pay USD 881.83 today and the remaining USD 478.19 on 15 April 2026. This completes the full request and keeps the USD 2,000 minimum protected."
request_211,318.98,affordable_later,wait,2024-10-15:1788.60,2024-10-15,none,"Pay EUR 1,788.60 in full on 15 October 2024. Paying earlier would take the balance below the EUR 1,500 minimum."
request_212,3517630.53,not_affordable,not_recommended,none,,none,"Do not proceed with the IDR 71,934,000 request. Only IDR 3,517,630.53 is available today, and the full amount cannot be completed safely within 90 days."
request_213,3109.59,not_affordable,not_recommended,none,,none,"Do not proceed with the USD 3,362.40 request. Although USD 3,109.59 is available today, the full amount cannot be completed safely within 90 days."
request_214,55833.32,affordable_with_plan,partial_payment,2024-12-04:55833.32|2024-12-15:13916.68,2024-12-15,none,"Pay INR 55,833.32 today and the remaining INR 13,916.68 on 15 December 2024. This completes the full request while keeping the INR 174,900 minimum balance protected."
request_215,29986.0,affordable_with_plan,installments,2025-05-09:10395.15|2025-06-06:10395.15|2025-07-04:10395.15,2025-05-06,none,"Use 3 installments of ZAR 10,395.15, starting 9 May 2025. This leaves at least ZAR 15,700 available over the next 90 days."
request_216,499.6,affordable_later,wait,2026-09-15:3332.40,2026-09-15,none,"Pay USD 3,332.40 in full on 15 September 2026. Paying earlier would take the balance below the USD 1,800 minimum."
request_217,20321.6,affordable_with_plan,installments,2024-03-19:12889.07|2024-04-19:12889.07|2024-05-20:12889.07,2024-05-15,none,"Use 3 installments of ZAR 12,889.07, starting 19 March 2024. This keeps at least ZAR 26,800 available throughout."
request_218,24971163.0,affordable_with_plan,installments,2025-08-07:21195893.33|2025-09-04:21195893.33|2025-10-02:21195893.33,2025-09-15,none,"Use 3 installments of IDR 21,195,893.33, starting 7 August 2025. This leaves at least IDR 34,477,200 available over the next 90 days."
request_219,707.8,affordable_with_plan,installments,2026-04-07:580.01|2026-05-07:580.01|2026-06-06:580.01,2026-05-15,none,"Use 3 installments of EUR 580.01, starting 7 April 2026."
request_220,114.3,not_affordable,not_recommended,none,,none,"Not recommended: only EUR 114.30 is available today, and the full EUR 3,118.50 cannot be completed safely within 90 days."
request_221,109800.0,affordable_now,full_payment,2025-11-03:109800,2025-11-03,none,"Pay INR 109,800 today. This leaves at least INR 81,500 available over the next 90 days."
request_222,34078.0,affordable_now,full_payment,2026-01-05:34078,2026-01-05,none,"Pay ZAR 34,078 today. This leaves at least ZAR 27,300 available over the next 90 days."
request_223,898.7,affordable_now,full_payment,2024-09-07:898.70,2024-09-07,none,Pay EUR 898.70 today. This leaves at least EUR 800 available over the next 90 days.
request_224,9115709.12,affordable_with_plan,installments,2025-02-04:5370040|2025-03-04:5370040,2025-02-15,none,"Use 2 installments of IDR 5,370,040, starting 4 February 2025. This keeps at least IDR 22,187,600 available over the next 90 days."
request_225,10752072.94,affordable_with_plan,installments,2026-07-20:7647120|2026-08-19:7647120|2026-09-18:7647120,2026-09-15,none,"Use 3 installments of IDR 7,647,120, starting 20 July 2026. This leaves at least IDR 17,670,700 available."
request_226,157000.0,affordable_now,full_payment,2024-12-03:157000,2024-12-03,none,"Pay INR 157,000 today. This leaves at least INR 209,400 available over the next 90 days."
request_227,6652.32,not_affordable,not_recommended,none,,none,"Do not proceed with the INR 259,700 request. Only INR 6,652.32 is available today, and the full amount cannot be completed safely within 90 days."
request_228,2209488.33,not_affordable,not_recommended,none,,none,"Do not proceed with the IDR 63,327,000 request. Although IDR 2,209,488.33 is available today, the full amount cannot be completed safely within 90 days."
request_229,453.14,affordable_with_plan,installments,2024-03-18:529.29|2024-04-18:529.29|2024-05-19:529.29,2024-05-15,none,"Use 3 installments of EUR 529.29, starting 18 March 2024. This leaves at least EUR 1,000 available over the next 90 days."
request_230,3537.6,affordable_now,full_payment,2025-08-06:3537.60,2025-08-06,none,"Pay EUR 3,537.60 today. This leaves at least EUR 2,000 available over the next 90 days."
request_231,31628.12,not_affordable,not_recommended,none,2026-03-15,none,"Do not proceed with the ZAR 35,706 request. Although ZAR 31,628.12 is available today, the full amount cannot be completed safely within 90 days."
request_232,651.11,affordable_later,wait,2024-08-15:1970.10,2024-08-15,none,"Pay EUR 1,970.10 in full on 15 August 2024. Paying earlier would take the balance below the EUR 2,400 minimum."
request_233,4004695.1,affordable_with_plan,partial_payment,2025-11-07:4004695.10|2025-12-15:2236304.90,2025-12-15,none,"Pay IDR 4,004,695.10 today and the remaining IDR 2,236,304.90 on 15 December 2025."
request_234,200.75,affordable_later,wait,2026-09-15:1213.30,2026-09-15,none,"Pay EUR 1,213.30 in full on 15 September 2026. Paying earlier would take the balance below the EUR 700 minimum."
request_235,967.2,affordable_now,full_payment,2024-09-06:967.20,2024-09-06,none,Pay USD 967.20 today. This leaves at least USD 700 available over the next 90 days.
request_236,5658551.54,not_affordable,not_recommended,none,,none,"Do not proceed with the IDR 52,383,000 request. Although IDR 5,658,551.54 is available today, the full amount cannot be completed safely within 90 days."
request_237,23826000.0,affordable_now,full_payment,2026-04-05:23826000,2026-04-05,none,"Pay IDR 23,826,000 today. This leaves at least IDR 22,431,500 available over the next 90 days."
request_238,663.6,affordable_with_plan,installments,2024-12-07:230.05|2025-01-07:230.05|2025-02-07:230.05,2024-12-07,none,"Use 3 installments of USD 230.05, starting 7 December 2024. This leaves at least USD 700 available."
request_239,642.0,affordable_now,full_payment,2025-05-04:642,2025-05-04,none,Pay USD 642 today. This leaves at least USD 600 available over the next 90 days.
request_240,14530.73,not_affordable,not_recommended,none,,none,"Do not proceed with the INR 101,200 request. Only INR 14,530.73 is available today, and the full amount cannot be completed safely within 90 days."
request_241,21052000.0,affordable_with_plan,installments,2024-03-17:7298026.67|2024-04-17:7298026.67|2024-05-18:7298026.67,2024-03-03,none,"Use 3 installments of IDR 7,298,026.67, starting 17 March 2024. This leaves at least IDR 19,252,000 available over the next 90 days."
request_242,42.93,not_affordable,not_recommended,none,,none,"Do not proceed with the EUR 1,966.80 request. Only EUR 42.93 is available today, and the full amount cannot be completed safely within 90 days."
request_243,17468.0,affordable_now,full_payment,2026-07-07:17468,2026-07-07,none,"Pay ZAR 17,468 today. This leaves at least ZAR 19,900 available over the next 90 days."
request_244,49918.0,affordable_now,full_payment,2024-06-04:49918,2024-06-04,none,"Pay ZAR 49,918 today. This leaves at least ZAR 45,900 available over the next 90 days."
request_245,34095.79,affordable_later,wait,2026-01-15:128500,2026-01-15,none,"Pay INR 128,500 in full on 15 January 2026. Paying earlier would take the balance below the INR 94,600 minimum."
request_246,64086.0,affordable_with_plan,installments,2026-04-03:22216.48|2026-05-03:22216.48|2026-06-02:22216.48,2026-04-03,none,"Use 3 installments of ZAR 22,216.48, starting 3 April 2026. This leaves at least ZAR 39,300 available over the next 90 days."
request_247,1059.3,affordable_now,full_payment,2024-09-05:1059.30,2024-09-05,none,"Pay EUR 1,059.30 today. This leaves at least EUR 1,300 available over the next 90 days."
request_248,1965.6,not_affordable,not_recommended,none,2025-02-07,none,"Do not proceed with the USD 1,965.60 request, as the full amount cannot be completed safely within 90 days."
request_249,168.86,affordable_later,wait,2026-03-15:643.20,2026-03-15,none,Pay USD 643.20 in full on 15 March 2026. Paying earlier would take the balance below the USD 600 minimum.
request_250,14897.49,not_affordable,not_recommended,none,,none,"Do not proceed with the ZAR 124,278 request. Only ZAR 14,897.49 is available today, and the full amount cannot be completed safely within 90 days."
request_251,1096.78,not_affordable,not_recommended,none,,none,"Do not proceed with the EUR 1,513.60 request. The full amount cannot be completed safely within 90 days."
request_252,4245428.33,affordable_later,wait,2026-09-15:28082000,2026-09-15,none,"Pay IDR 28,082,000 in full on 15 September 2026. Paying earlier would take the balance below the IDR 15,152,200 minimum."
request_253,1492.57,affordable_with_plan,installments,2024-03-21:984.60|2024-04-21:984.60|2024-05-22:984.60,2024-05-15,none,"Use 3 installments of EUR 984.60, starting 21 March 2024. This leaves at least EUR 2,300 available."
request_254,577.94,affordable_later,wait,2025-10-15:3535.20,2025-10-15,none,"Pay USD 3,535.20 in full on 15 October 2025. Paying earlier would take the balance below the USD 2,500 minimum."
request_255,2632881.68,not_affordable,not_recommended,none,,none,"Do not proceed with the IDR 3,345,000 request. Only IDR 2,632,881.68 is available today, and the full amount cannot be completed safely within 90 days."
request_256,154555.15,affordable_with_plan,installments,2024-06-10:75816|2024-07-11:75816|2024-08-11:75816,2024-07-15,none,"Use 3 installments of INR 75,816, starting 10 June 2024. This leaves at least INR 168,600 available."
request_257,514.17,affordable_later,wait,2026-01-15:1352.40,2026-01-15,none,"Pay USD 1,352.40 in full on 15 January 2026. Paying earlier would take the balance below the USD 1,600 minimum."
request_258,1113.6,affordable_now,full_payment,2026-01-07:1113.60,2026-01-07,none,"Pay USD 1,113.60 today. This leaves at least USD 500 available over the next 90 days."
request_259,184.83,affordable_later,wait,2024-11-15:935,2024-11-15,none,Pay EUR 935 in full on 15 November 2024. Paying earlier would take the balance below the EUR 600 minimum.
request_260,7638474.77,not_affordable,not_recommended,none,,none,"Do not proceed with the IDR 52,079,000 request. Only IDR 7,638,474.77 is available today, and the full amount cannot be completed safely within 90 days."
request_261,1830.4,affordable_now,full_payment,2026-07-03:1830.40,2026-07-03,none,"Pay EUR 1,830.40 today. This leaves at least EUR 1,500 available over the next 90 days."
request_262,9236000.0,affordable_now,full_payment,2024-12-05:9236000,2024-12-05,none,"Pay IDR 9,236,000 today. This leaves at least IDR 31,018,500 available over the next 90 days."
request_263,7524.71,not_affordable,not_recommended,none,,none,"Do not proceed with the ZAR 51,546 request. Only ZAR 7,524.71 is available today, and the full amount cannot be completed safely within 90 days."
request_264,21740.29,affordable_later,wait,2026-06-15:111300,2026-06-15,none,"Pay INR 111,300 in full on 15 June 2026. Paying earlier would take the balance below the INR 59,500 minimum."
request_265,45970.0,affordable_now,full_payment,2024-03-06:45970,2024-03-06,none,"Pay INR 45,970 today. This leaves at least INR 189,700 available over the next 90 days."
request_266,780.92,affordable_with_plan,installments,2025-08-03:324.13|2025-08-31:324.13|2025-09-28:324.13,2025-09-15,none,"Use 3 installments of EUR 324.13, starting 3 August 2025. This leaves at least EUR 900 available."
request_267,1666.58,affordable_with_plan,installments,2026-01-08:667.33|2026-02-07:667.33|2026-03-09:667.33,2026-02-15,none,"Use 3 installments of EUR 667.33, starting 8 January 2026. This leaves at least EUR 1,500 available over the next 90 days."
request_268,1039.63,affordable_with_plan,installments,2024-06-14:841.22|2024-07-15:841.22|2024-08-15:841.22,2024-07-15,none,"Use 3 installments of EUR 841.22, starting 14 June 2024. This leaves at least EUR 1,400 available."
request_269,9606.25,affordable_later,wait,2025-11-15:15490,2025-11-15,none,"Pay ZAR 15,490 in full on 15 November 2025. Paying earlier would take the balance below the ZAR 23,100 minimum."
request_270,158.87,not_affordable,not_recommended,none,,none,"Do not proceed with the USD 3,028.80 request. Only USD 158.87 is available today, and the full amount cannot be completed safely within 90 days."
request_271,91300.0,affordable_now,full_payment,2024-09-03:91300,2024-09-03,none,"Pay INR 91,300 today. This leaves at least INR 58,200 available over the next 90 days."
request_272,5563871.21,affordable_with_plan,installments,2025-02-12:4709466.67|2025-03-12:4709466.67|2025-04-09:4709466.67,2025-03-15,none,"Use 3 installments of IDR 4,709,466.67, starting 12 February 2025. This leaves at least IDR 7,508,600 available."
request_273,10226780.63,affordable_with_plan,installments,2026-04-07:5498480|2026-05-05:5498480|2026-06-02:5498480,2026-04-15,none,"Use 3 installments of IDR 5,498,480, starting 7 April 2026. This leaves at least IDR 18,774,600 available over the next 90 days."
request_274,2340.01,affordable_with_plan,installments,2024-12-04:940.75|2025-01-04:940.75|2025-02-04:940.75,2024-12-15,none,"Use 3 installments of EUR 940.75, starting 4 December 2024. This leaves at least EUR 1,800 available."
request_275,15884000.0,affordable_now,full_payment,2025-05-06:15884000,2025-05-06,none,"Pay IDR 15,884,000 today. This leaves at least IDR 12,760,100 available over the next 90 days."
